[
    {
        "username": "stephencain",
        "name": "Sharon Johnson",
        "followers_count": 31,
        "following_count": 19,
        "language": "bs",
        "region": "ES",
        "tweets": [
            "psychology software engineering art app development #entertainmentjournalism",
            "public policy science sculpture management #accounting",
            "data journalism sculpture wildlife conservation #environment #sportsjournalism",
            "print journalism logistics #SEM",
            "finance retail tourism manga arts journalism #arbitration #virtualreality",
            "diplomacy history geography #marketing #blues",
            "graphic design leadership travel mental health corporate law #biotechnology",
            "sports engineering virology #interiordesign #linguistics",
            "education journalism ceramics UI/UX design #geography #taxation",
            "criminal justice tax law real estate digital journalism #drones #traveljournalism",
            "social media web design health journalism #fashion",
            "international journalism film scoring journalism #arbitration",
            "organizational behavior international relations #venturecapital #comics",
            "behavioral economics filmmaking orchestral music branding folk music #engineering #genetics",
            "big data travel journalism quantum computing electronic music investigative journalism #renewableenergy #mathematics #popmusic",
            "blogging cryptocurrency astronomy military science human rights law #classicalmusic #artificialintelligence #softwareengineering",
            "pop music photojournalism tax law #ceramics #virtualreality #interiordesign",
            "immunology urban planning arbitration neuroscience #mentalhealth",
            "macroeconomics astrophysics entertainment journalism hip-hop music #productdesign #gastronomy #orchestralmusic",
            "folk music human resources labor economics #diplomacy #ska",
            "animation contemporary art #personalfinance #contentcreation",
            "microeconomics astrophysics management #intellectualpropertylaw #startups #countrymusic",
            "stock market sociology #supplychainmanagement #copywriting #machinelearning",
            "artificial intelligence SEM #educationjournalism",
            "jazz arbitration #militaryscience"
        ],
        "following": [
            "freemanshane",
            "brittany32",
            "ibailey",
            "chenry",
            "vcoleman",
            "stephanieperry",
            "ncastro",
            "jennifer46",
            "dpitts",
            "joneschelsea",
            "mariachaney",
            "jeffreyjones",
            "nmartinez",
            "banksemily",
            "campbellnicole",
            "holdertracy",
            "mooregarrett",
            "jonesleon",
            "dduarte",
            "douglasthomas",
            "pacediane",
            "ehuerta",
            "moorepaula",
            "courtneyvaldez"
        ],
        "followers": [
            "dylan68",
            "nguyenkyle",
            "fobrien",
            "fjames",
            "carmenmcintosh",
            "kmartinez",
            "fhunt",
            "jkeller",
            "mark78",
            "jennifergillespie",
            "brianlynch",
            "travis13",
            "gregorykennedy",
            "kyleholden",
            "kdennis",
            "ambermontgomery",
            "tiffanywilliams",
            "connerregina",
            "davidperkins",
            "jonathanrichardson",
            "xbrown",
            "jackperry"
        ]
    },
    {
        "username": "nicole76",
        "name": "Jennifer Reed",
        "followers_count": 31,
        "following_count": 66,
        "language": "ia",
        "region": "ZA",
        "tweets": [
            "sound design landscape architecture #robotics #literature",
            "digital journalism science journalism robotics #internationallaw #internetofthings #immunology",
            "filmmaking photojournalism public health #intellectualpropertylaw #performanceart #criminallaw",
            "drawing education economics taxation family law #criminallaw #mediation #tourism",
            "urban economics product design #publicpolicy #intellectualpropertylaw #environmentaleconomics",
            "user experience design fashion immunology political science game theory #manga",
            "interior design advertising geography #psychology #genomics #educationeconomics",
            "linguistics print journalism game development #behavioraleconomics #reggae",
            "sustainability cryptocurrency #agriculture #forestry #artificialintelligence",
            "sociology wildlife conservation architecture family law astronomy #multimediajournalism #gamedevelopment",
            "data journalism nanotechnology #architecture #urbaneconomics",
            "public policy print journalism #biology #filmmaking #marketing",
            "game development multimedia journalism health economics #environmentallaw",
            "stock market folk music #internationaltrade #opera #forestry"
        ],
        "following": [
            "ukelly",
            "sheena83",
            "unelson",
            "michaelmontes",
            "andersonkimberly",
            "markgutierrez",
            "robertmorales",
            "thomas64",
            "brianabuchanan",
            "jessicawilson",
            "kaitlin24",
            "darren48",
            "uclark",
            "heiditaylor",
            "kevin62",
            "jcruz",
            "allenraymond",
            "tonycunningham",
            "daviskimberly",
            "oconnellrichard",
            "gutierrezdaniel"
        ],
        "followers": [
            "steveflores",
            "dgreen",
            "dianafernandez",
            "icox",
            "monique19",
            "david07",
            "woodardelizabeth",
            "vmartin",
            "michele89",
            "jenniferpowers",
            "jonesmark"
        ]
    },
    {
        "username": "tiffanywright",
        "name": "Larry Shelton",
        "followers_count": 68,
        "following_count": 98,
        "language": "ia",
        "region": "KG",
        "tweets": [
            "contemporary art content creation #theatre",
            "entertainment journalism virology education economics #softwareengineering #SEM",
            "sports journalism retail ecology meteorology neuroscience #marketing #automation #branding",
            "finance organizational behavior education fashion journalism #investment #sociology #industrialdesign",
            "mathematics fashion networking international journalism #internationallaw",
            "ecology automation #music #investigativejournalism",
            "human rights law criminal justice biotechnology machine learning real estate #virtualreality #humanresources",
            "taxation technology journalism copywriting #ecology #artsjournalism",
            "arts journalism streaming personal finance folk music electronic music #music #computerscience #branding",
            "health economics content creation #genomics #contemporaryart",
            "personal finance networking sculpture #genetics #art",
            "science landscape architecture punk rock legal studies #intellectualpropertylaw #theatre",
            "digital journalism folk music sports journalism #ecology",
            "journalism data science cybersecurity wildlife conservation #developmenteconomics",
            "printmaking arts journalism logistics travel #astrophysics #socialmedia",
            "international law tourism #politics",
            "print journalism photography criminal law archaeology #healthjournalism #lawenforcement #macroeconomics",
            "human resources diplomacy real estate #accounting #management #genomics",
            "marketing cryptocurrency travel journalism #webdesign #environment"
        ],
        "following": [
            "wvang",
            "kellynancy",
            "martineztony",
            "thorton",
            "markhudson",
            "william36",
            "prattlaura",
            "kristin05",
            "colin11",
            "younggrant",
            "contrerasroy",
            "utorres",
            "curtisevan",
            "angelajames",
            "rodriguezkimberly",
            "petermerritt",
            "williamsmichelle",
            "erik41",
            "kristengonzalez",
            "yward",
            "lambbrianna",
            "greenmichael",
            "brandonrichardson",
            "allison20"
        ],
        "followers": [
            "william45",
            "wrightjohn",
            "robertharris",
            "pottervictor",
            "whicks",
            "dickersonpatty",
            "james22",
            "raymond72",
            "zzamora",
            "pattersonjamie",
            "lisaanderson",
            "michaelwilliams",
            "thomastammie",
            "burkebrenda",
            "lewissamuel",
            "westes",
            "pattersonmegan",
            "rachelballard",
            "charlesjuarez",
            "steven89",
            "piercewarren",
            "javier66",
            "prestonrobert",
            "ejames",
            "tammy96",
            "brianchapman",
            "amyhorne"
        ]
    },
    {
        "username": "eric85",
        "name": "Joshua Thompson",
        "followers_count": 73,
        "following_count": 82,
        "language": "ku",
        "region": "IS",
        "tweets": [
            "ceramics civil litigation opera 3D printing environmental economics #supplychainmanagement #finance #accounting",
            "sociology photojournalism branding arbitration environment #geography #art #meteorology",
            "genetics filmmaking vlogging #gamedevelopment",
            "personal finance software engineering #manga #economy #printmaking",
            "education economics constitutional law blogging #cinema #theatre #sciencejournalism",
            "business journalism event planning environmental economics national security geography #SEM #chemistry #electronicmusic",
            "operations corporate law anime film scoring indie music #cinema #auditing",
            "cybersecurity history #jazz #cryptocurrency",
            "technology journalism human resources performance art virology pharmacology #computerscience #banking",
            "entertainment journalism health journalism automation tourism investment #blockchain #comics",
            "marine biology tourism sociology startups #wildlifeconservation #corporatelaw #taxation",
            "choral music investment science #multimediajournalism #sciencejournalism",
            "organizational behavior business #ethnography #humanresources #appdevelopment",
            "manga biology data science #augmentedreality #countrymusic #publicrelations",
            "pop music cloud computing #banking",
            "technology cryptocurrency labor economics 3D printing #performanceart #automation",
            "product design history architecture #educationjournalism",
            "environmental law urban planning sound design mental health #webdesign",
            "sustainability physics #educationjournalism #choralmusic #anthropology",
            "content creation literature technology mediation quantum computing #realestate",
            "astronomy health journalism real estate #countrymusic",
            "street art streaming food journalism #environmentaleconomics #SEM"
        ],
        "following": [
            "htodd",
            "michael08",
            "ojones",
            "ppowell",
            "dyersamuel",
            "cdavis",
            "tracyphillips",
            "simsdawn",
            "paul39",
            "taylorthompson",
            "daniel07",
            "pwalsh",
            "amandajames",
            "diamondmarshall",
            "xbishop",
            "griffinkaren",
            "bcurtis",
            "jacqueline75",
            "ndouglas"
        ],
        "followers": [
            "rachel02",
            "rebekahstewart",
            "hannahbrock",
            "kevincraig",
            "gball",
            "robert98",
            "nicholas10",
            "vickie55",
            "robin12",
            "brittney95",
            "stodd",
            "upeterson",
            "elliottshirley",
            "juarezchristopher",
            "angela13",
            "bhamilton",
            "webbcrystal",
            "smiller",
            "hurleychristopher",
            "quinnlance",
            "agriffith",
            "kimberlyjohnson",
            "xsmith",
            "fjimenez",
            "jamesgalvan",
            "khodge",
            "wangvickie",
            "saramarsh",
            "lawrencedanielle"
        ]
    },
    {
        "username": "kaylaallen",
        "name": "Dennis Arroyo",
        "followers_count": 42,
        "following_count": 42,
        "language": "mn",
        "region": "TZ",
        "tweets": [
            "data science 3D printing startups #science #publicrelations #lawenforcement",
            "history neuroscience fashion #influencermarketing #startups #astronomy",
            "mathematics landscape architecture #civillitigation #politics",
            "hip-hop music reggae UI/UX design #sports",
            "street art nanotechnology philosophy big data public health #leadership #personalfinance #environment",
            "human resources public policy marketing entrepreneurship #environmentaleconomics #foodjournalism #urbanplanning",
            "social media artificial intelligence archaeology #multimediajournalism",
            "startups arbitration #familylaw #webdesign #supplychainmanagement",
            "public health agricultural economics branding #cryptocurrency #graphicnovels",
            "arts journalism strategy #wildlifeconservation",
            "game theory immunology #militaryscience #genetics",
            "education economics accounting #gamedevelopment",
            "game theory pharmacology #biology #laboreconomics",
            "cinema mental health renewable energy sociology #photojournalism",
            "military science national security #fashionjournalism",
            "classical music jazz pharmacology #psychology #metalmusic",
            "game theory pharmacology #banking",
            "international law augmented reality forestry criminal law reggae #marinebiology",
            "biology jazz organizational behavior vlogging big data #advertising",
            "biology behavioral economics strategy #technologyjournalism",
            "logistics big data education economics #culture",
            "macroeconomics sound design streaming #SEM",
            "theatre punk rock street art #sciencejournalism #industrialdesign #urbaneconomics",
            "management education economics personal finance hospitality 3D printing #painting",
            "astrophysics health #technologyjournalism",
            "animation labor economics content creation constitutional law #multimediajournalism #genomics #marinebiology"
        ],
        "following": [
            "sharon33",
            "jenkinsalexis",
            "kingjohn",
            "leslie18",
            "millseric",
            "silvarobert",
            "kellybaker",
            "sonyaguzman",
            "kkennedy",
            "vincentjohnson",
            "james88",
            "patricktorres"
        ],
        "followers": [
            "hacosta",
            "bakerhaley",
            "wwells",
            "paige28",
            "sanchezelizabeth",
            "edward01",
            "ybishop",
            "reginald57",
            "bhowell",
            "brendamartin",
            "changjason",
            "hollyvelasquez",
            "lisajames",
            "gmorgan",
            "torreskari",
            "ctanner",
            "jason88",
            "connie25",
            "david56",
            "brittanyhall"
        ]
    },
    {
        "username": "tammywilson",
        "name": "Gavin Clark",
        "followers_count": 59,
        "following_count": 33,
        "language": "gv",
        "region": "ZA",
        "tweets": [
            "personal finance entrepreneurship human rights law family law #dance",
            "podcasting chemistry virology #militaryscience #cybersecurity #webdevelopment",
            "criminal justice internet of things travel wildlife conservation theatre #drawing",
            "archaeology startups macroeconomics #ecology #blockchain #government",
            "vlogging app development criminal justice #eventplanning #popmusic #sports",
            "vlogging fashion #economy #indiemusic",
            "entrepreneurship astronomy virtual reality content creation #textilearts #blues",
            "web design cinema #biology",
            "behavioral economics health journalism 3D printing civil service marketing #networking",
            "dance meteorology graphic design education #quantumcomputing #geography",
            "event planning meteorology government public policy jazz #humanrightslaw",
            "political journalism corporate law science journalism digital journalism #interiordesign #humanresources #science",
            "industrial design multimedia journalism #manga #accounting",
            "science journalism nanotechnology #urbanplanning #journalism",
            "hospitality journalism print journalism #supplychainmanagement #pharmacology",
            "multimedia journalism event planning arts journalism film scoring sculpture #anime #genetics",
            "auditing art #politicaljournalism #manga",
            "rock music sustainability blockchain mathematics pharmacology #ecology",
            "cinema branding #culture #geography #classicalmusic",
            "marine biology labor economics theatre intellectual property law #sciencejournalism #diplomacy #countrymusic",
            "filmmaking philosophy product design information technology real estate #quantumcomputing #investment",
            "engineering macroeconomics user experience design #gastronomy #finance #foodjournalism",
            "stock market print journalism #graphicdesign #investment #socialmedia",
            "broadcast journalism music #civilservice",
            "agricultural economics landscape architecture 3D printing sports journalism #drawing #fashion",
            "science mental health logistics #webdesign #constitutionallaw",
            "pharmacology renewable energy health journalism #computerscience",
            "reggae urban planning #personalfinance #logistics"
        ],
        "following": [
            "elizabeth53",
            "jamesdanielle",
            "jeffreywagner",
            "madison59",
            "qsmith",
            "gregorywilliams",
            "james80",
            "lesliebarnes",
            "joseph04",
            "georgegraham",
            "jeffreykim",
            "jessejohnson",
            "victoriahenson",
            "clarklindsay"
        ],
        "followers": [
            "watkinsalexis",
            "robert30",
            "kglass",
            "martinezjoseph",
            "wstrickland",
            "smithdavid",
            "elainelopez",
            "wsoto",
            "bwhite",
            "megan74",
            "jmiller",
            "jameshines",
            "parnold",
            "clyons",
            "bleach",
            "steven55",
            "youngjason",
            "tonya74"
        ]
    },
    {
        "username": "qharris",
        "name": "Christopher Robinson",
        "followers_count": 48,
        "following_count": 28,
        "language": "sk",
        "region": "ZA",
        "tweets": [
            "punk rock banking criminal justice #streetart #finance #microeconomics",
            "diplomacy event planning printmaking meteorology rock music #ska #sounddesign #genetics",
            "education journalism cinema health SEM #agriculture #auditing",
            "music arts journalism #mentalhealth #sculpture #worldmusic",
            "drones science ethnography political science #humanrightslaw #logistics",
            "data journalism pharmacology robotics #businessjournalism #cybersecurity",
            "machine learning criminal justice civil service #electronicmusic #banking #criminallaw",
            "app development organizational behavior neuroscience #healthjournalism",
            "influencer marketing personal finance finance #blues #law #internationaltrade",
            "psychology rock music #geography",
            "arbitration urban economics #gametheory #virology #behavioraleconomics",
            "influencer marketing opera computer science entertainment journalism #auditing",
            "diplomacy dance astrophysics #business #artsjournalism",
            "tourism behavioral economics meteorology environmental economics health economics #history #countrymusic",
            "geography chemistry renewable energy #publicrelations",
            "country music theatre education venture capital data science #internationaljournalism",
            "strategy corporate law #economy #sounddesign",
            "influencer marketing urban economics development economics #ethnography",
            "vlogging astrophysics business #sciencejournalism",
            "ethnography law #dance",
            "product design robotics #userexperiencedesign",
            "indie music sustainability #fashionjournalism #anime #psychology",
            "printmaking textile arts #architecture #ska",
            "macroeconomics mathematics choral music #computerscience #machinelearning",
            "education economics startups history rock music #personalfinance #fashionjournalism",
            "industrial design international trade wildlife conservation marine biology civil litigation #art",
            "linguistics digital journalism constitutional law #streaming #astrophysics #traveljournalism",
            "supply chain management environmental journalism advertising ethnography #investment"
        ],
        "following": [
            "deborahfranklin",
            "kayla34",
            "reidcaroline",
            "padillamichael",
            "markhaynes",
            "nicholaswalters",
            "shannonmartinez",
            "tonyfowler",
            "candace34",
            "fgarcia",
            "wcain",
            "cynthia35",
            "afitzgerald",
            "phillip27",
            "bryantran",
            "victoriasmith",
            "kjohnson",
            "washingtonlauren",
            "melissa52",
            "annjohnson",
            "bridget72",
            "amanda45",
            "fterry",
            "kathleen38",
            "travis28",
            "josephwest"
        ],
        "followers": [
            "whitneyomar",
            "vickie13",
            "zavalapaula",
            "susanrichard",
            "marcus90",
            "collinsjanet",
            "smithchristopher",
            "jenna14",
            "john90",
            "wagnermatthew",
            "zburke",
            "lanejonathan",
            "yvonne91",
            "heather36",
            "wolfmitchell"
        ]
    },
    {
        "username": "montgomeryjennifer",
        "name": "Lori Silva",
        "followers_count": 66,
        "following_count": 17,
        "language": "mni",
        "region": "SV",
        "tweets": [
            "legal studies film scoring technology journalism rock music archaeology #sociology #politics #behavioraleconomics",
            "interior design theatre political science urban economics journalism #automation #cloudcomputing",
            "sports journalism anthropology venture capital podcasting influencer marketing #arbitration",
            "automation photojournalism #fashion #ska #artsjournalism",
            "mediation robotics journalism web design networking #taxation #ethnography",
            "reggae industrial design oceanography legal studies #3Dprinting #realestate #intellectualpropertylaw",
            "artificial intelligence folk music #laboreconomics #photojournalism #dance",
            "landscape architecture performance art psychology textile arts pop music #history #environmentaleconomics",
            "tax law e-commerce investment SEO ecology #industrialdesign",
            "sports wildlife conservation ecology #robotics #developmenteconomics",
            "animation government #webdevelopment #history #neuroscience",
            "startups textile arts genomics #theatre #businessjournalism #marinebiology",
            "film scoring anime management reggae industrial design #arbitration",
            "real estate multimedia journalism literature SEM #printjournalism #virtualreality",
            "web development logistics landscape architecture entrepreneurship mediation #opera #retail #geography",
            "family law web development #robotics #fashionjournalism #accounting",
            "industrial design drawing #machinelearning #punkrock",
            "entertainment journalism cloud computing #law",
            "public health geography #supplychainmanagement #orchestralmusic",
            "indie music architecture #cinema #machinelearning #internationaljournalism",
            "blues print journalism street art finance #wildlifeconservation"
        ],
        "following": [
            "tonywest",
            "josephwyatt",
            "rachael65",
            "latoyasawyer",
            "jeffreyhicks",
            "jennifer53",
            "susanwilliams",
            "harrisoncharles",
            "beth02",
            "amanda96",
            "carrillocarl",
            "williamsjacqueline",
            "robertorr",
            "dchase",
            "wmiller",
            "whamilton"
        ],
        "followers": [
            "nicholecruz",
            "cfreeman",
            "rmarshall",
            "ashley03",
            "mccallshannon",
            "clairebuck",
            "michaelhaas",
            "michael25",
            "gillstanley",
            "jonpacheco",
            "whitemelissa",
            "harrellpatricia",
            "shieldsnancy",
            "fthomas",
            "meganwood",
            "alan99",
            "george39",
            "anthony97"
        ]
    },
    {
        "username": "deborahfreeman",
        "name": "Sabrina Jackson",
        "followers_count": 18,
        "following_count": 93,
        "language": "nds",
        "region": "LR",
        "tweets": [
            "government e-commerce streaming #sportsjournalism",
            "software engineering reggae behavioral economics fashion journalism #anime",
            "3D printing sociology government #philosophy #environment #nanotechnology",
            "criminal justice graphic design cybersecurity rock music drawing #engineering",
            "quantum computing wildlife conservation filmmaking #printjournalism #ska #tourism",
            "entrepreneurship world music history diplomacy #macroeconomics #printjournalism #sounddesign",
            "e-commerce astrophysics rock music electronic music #sounddesign",
            "organizational behavior data journalism criminal law #civilservice #behavioraleconomics #immunology",
            "landscape architecture journalism intellectual property law #sculpture",
            "tax law biology arbitration #fashionjournalism",
            "legal studies criminal justice political journalism #drawing #rockmusic",
            "quantum computing retail behavioral economics entrepreneurship opera #nationalsecurity",
            "international law world music film scoring #taxlaw #sculpture #civillitigation",
            "sculpture world music military science orchestral music art #civillitigation #opera #urbaneconomics",
            "interior design development economics big data #pharmacology #anthropology",
            "investigative journalism pharmacology environmental journalism branding #countrymusic #drawing #criminallaw",
            "arts journalism 3D printing anthropology public health #sustainability",
            "business journalism stock market #taxlaw #politicaljournalism",
            "ethnography arbitration microeconomics computer science #ceramics #familylaw #internationaltrade",
            "virology business physics civil litigation environment #vlogging",
            "advertising photography #insurance #organizationalbehavior #macroeconomics",
            "country music metal music tax law folk music #webdesign #choralmusic",
            "human resources urban planning criminal law #hip-hopmusic #physics",
            "public health blogging fashion design agriculture business journalism #culture",
            "environment arts journalism augmented reality corporate law #realestate #marinebiology #immunology",
            "public relations investigative journalism management astronomy mathematics #internationallaw #arbitration",
            "blues data science comics interior design #hip-hopmusic #travel #fashionjournalism",
            "data journalism sociology cloud computing #literature #travel #branding",
            "ethnography product design culture stock market agriculture #blockchain",
            "law enforcement entrepreneurship mediation urban economics #educationeconomics"
        ],
        "following": [
            "hensonjodi",
            "thomas40",
            "usims",
            "sheryllevine",
            "ian53",
            "johnstonkenneth",
            "bonillakevin",
            "valenzuelazachary",
            "caldwellmatthew",
            "scochran",
            "melissa98",
            "kanejames",
            "brandonwolfe",
            "nelsonjulia"
        ],
        "followers": [
            "erica55",
            "emma91",
            "jcraig",
            "salinasandrew",
            "yoneill",
            "andrewsshaun",
            "reyesmelanie",
            "craig15",
            "ryan72",
            "charleskim",
            "jameskelly",
            "alexiswilliams",
            "cameronneal",
            "monique16",
            "ocampbell"
        ]
    },
    {
        "username": "stewartjohn",
        "name": "Christopher Walter",
        "followers_count": 68,
        "following_count": 61,
        "language": "ky",
        "region": "VE",
        "tweets": [
            "e-commerce tax law #retail",
            "blockchain organizational behavior folk music health journalism law #sociology #government",
            "literature linguistics #environmentaleconomics",
            "anthropology information technology military science interior design #humanrightslaw #nationalsecurity #machinelearning",
            "data science electronic music international law environment #worldmusic",
            "organizational behavior human rights law #sounddesign #vlogging #anime",
            "blockchain intellectual property law agricultural economics education journalism culture #banking #philosophy #podcasting",
            "app development health economics networking fashion auditing #augmentedreality #environmentallaw",
            "meteorology gastronomy international law public policy constitutional law #manga #broadcastjournalism #filmmaking",
            "international journalism pharmacology copywriting #taxlaw",
            "cinema literature #choralmusic",
            "opera machine learning environmental economics technology #healthjournalism",
            "science real estate #ceramics #choralmusic #performanceart",
            "social media corporate law #journalism #familylaw #urbanplanning",
            "sports personal finance #photojournalism",
            "retail big data astrophysics #landscapearchitecture #supplychainmanagement",
            "printmaking strategy #macroeconomics #quantumcomputing #technologyjournalism",
            "content creation entrepreneurship hospitality #podcasting #familylaw",
            "oceanography fashion pop music sports journalism #businessjournalism #mediation #nanotechnology",
            "nanotechnology environment hospitality #computerscience #blogging",
            "personal finance sculpture painting #orchestralmusic",
            "world music reggae archaeology game development #urbaneconomics #internationaltrade #digitaljournalism",
            "product design automation interior design #filmmaking",
            "game theory big data opera #chemistry",
            "SEO event planning education influencer marketing performance art #technology #e-commerce #industrialdesign",
            "hip-hop music corporate law #law #criminallaw #publicpolicy",
            "finance game theory urban planning #SEM",
            "robotics corporate law art startups venture capital #countrymusic"
        ],
        "following": [
            "leejames",
            "stokesmelissa",
            "fholmes",
            "johngonzalez",
            "tyler31",
            "michael75",
            "riggscrystal",
            "william62",
            "barbara41",
            "melissashelton",
            "bknox",
            "vcordova",
            "andrew82",
            "lindsey24",
            "gcoleman",
            "xparrish",
            "ymorgan",
            "wtaylor",
            "michael92",
            "sarah09",
            "michael63"
        ],
        "followers": [
            "harrismegan",
            "emma24",
            "bryantwilliam",
            "relliott",
            "victor84",
            "youngdiana",
            "frostmelissa",
            "georgescott",
            "ochoarobert",
            "toddvega",
            "davispatty",
            "pstein",
            "peggy75",
            "brentlopez",
            "singletonashley",
            "toniwells",
            "tiffany66",
            "sierrapetty",
            "rmyers",
            "kclark",
            "meganfrancis",
            "xwhite",
            "sierrahogan",
            "hsalazar",
            "zhill",
            "jennifer91",
            "obell"
        ]
    }
]